gene,expression,log_expr
lacZ,1.2,0.7884573603642703
araC,3.5,1.5040773967762742
tetR,0.8,0.5877866649021191
